CopyID,BookID,Location,Status
1,1,2Â¥AÇø-6¼Ü,Available
2,1,3Â¥AÇø-2¼Ü,Available
3,1,2Â¥AÇø-5¼Ü,Borrowed
4,2,1Â¥CÇø-5¼Ü,Available
5,2,1Â¥AÇø-9¼Ü,Lost
6,2,2Â¥AÇø-7¼Ü,Available
7,2,1Â¥AÇø-4¼Ü,Available
8,2,1Â¥AÇø-7¼Ü,Lost
9,3,1Â¥AÇø-1¼Ü,Reserved
10,4,3Â¥CÇø-7¼Ü,Borrowed
11,4,1Â¥CÇø-3¼Ü,Lost
12,4,1Â¥AÇø-6¼Ü,Available
13,5,3Â¥BÇø-2¼Ü,Borrowed
14,5,1Â¥BÇø-5¼Ü,Borrowed
15,6,3Â¥AÇø-1¼Ü,Borrowed
16,6,2Â¥AÇø-9¼Ü,Lost
17,6,2Â¥AÇø-9¼Ü,Available
18,7,1Â¥AÇø-10¼Ü,Available
19,7,3Â¥AÇø-3¼Ü,Available
20,7,3Â¥CÇø-3¼Ü,Borrowed
21,8,2Â¥AÇø-6¼Ü,Available
22,8,2Â¥AÇø-5¼Ü,Reserved
23,8,1Â¥BÇø-5¼Ü,Lost
24,8,3Â¥AÇø-2¼Ü,Borrowed
25,9,3Â¥CÇø-1¼Ü,Borrowed
26,9,3Â¥CÇø-10¼Ü,Borrowed
27,9,1Â¥CÇø-9¼Ü,Lost
28,9,1Â¥CÇø-9¼Ü,Available
29,9,1Â¥AÇø-9¼Ü,Available
30,10,3Â¥CÇø-8¼Ü,Borrowed
31,10,2Â¥AÇø-9¼Ü,Available
32,10,2Â¥CÇø-1¼Ü,Borrowed
33,11,2Â¥CÇø-7¼Ü,Lost
34,11,3Â¥AÇø-10¼Ü,Borrowed
35,11,2Â¥BÇø-5¼Ü,Available
36,11,3Â¥AÇø-1¼Ü,Lost
37,12,3Â¥BÇø-1¼Ü,Available
38,13,1Â¥BÇø-1¼Ü,Borrowed
39,13,2Â¥BÇø-5¼Ü,Available
40,13,2Â¥AÇø-6¼Ü,Borrowed
41,14,1Â¥BÇø-10¼Ü,Available
42,14,3Â¥BÇø-6¼Ü,Available
43,14,1Â¥AÇø-7¼Ü,Borrowed
44,14,Reserved,Available
45,14,1Â¥AÇø-2¼Ü,Lost
46,15,1Â¥CÇø-7¼Ü,Borrowed
47,15,2Â¥CÇø-7¼Ü,Available
48,15,2Â¥BÇø-7¼Ü,Lost
49,16,1Â¥CÇø-10¼Ü,Available
50,17,2Â¥BÇø-10¼Ü,Borrowed
51,17,3Â¥BÇø-5¼Ü,Borrowed
52,18,2Â¥AÇø-3¼Ü,Lost
53,18,3Â¥CÇø-1¼Ü,Borrowed
54,19,2Â¥BÇø-3¼Ü,Borrowed
55,20,2Â¥AÇø-2¼Ü,Available
56,20,3Â¥BÇø-3¼Ü,Lost
57,21,3Â¥AÇø-7¼Ü,Borrowed
58,21,2Â¥AÇø-3¼Ü,Borrowed
59,21,2Â¥BÇø-3¼Ü,Available
60,22,3Â¥BÇø-8¼Ü,Borrowed
61,23,3Â¥BÇø-7¼Ü,Lost
62,24,Reserved,Available
63,24,3Â¥AÇø-9¼Ü,Borrowed
64,24,Reserved,Available
65,24,1Â¥CÇø-1¼Ü,Borrowed
66,25,Reserved,Borrowed
67,26,3Â¥CÇø-3¼Ü,Borrowed
68,26,2Â¥BÇø-9¼Ü,Available
69,26,1Â¥BÇø-3¼Ü,Available
70,26,2Â¥CÇø-7¼Ü,Lost
71,27,1Â¥AÇø-3¼Ü,Lost
72,27,3Â¥BÇø-10¼Ü,Available
73,27,2Â¥AÇø-2¼Ü,Lost
74,28,3Â¥BÇø-5¼Ü,Lost
75,28,2Â¥AÇø-6¼Ü,Lost
76,28,2Â¥AÇø-3¼Ü,Lost
77,28,1Â¥BÇø-3¼Ü,Available
78,29,2Â¥AÇø-4¼Ü,Lost
79,30,3Â¥CÇø-7¼Ü,Lost
80,30,2Â¥CÇø-7¼Ü,Available
81,31,3Â¥CÇø-7¼Ü,Available
82,31,1Â¥AÇø-9¼Ü,Lost
83,31,2Â¥BÇø-5¼Ü,Available
84,31,3Â¥AÇø-6¼Ü,Lost
85,31,1Â¥BÇø-7¼Ü,Borrowed
86,32,3Â¥CÇø-2¼Ü,Available
87,32,3Â¥CÇø-5¼Ü,Borrowed
88,33,1Â¥AÇø-9¼Ü,Available
89,33,2Â¥AÇø-2¼Ü,Lost
90,33,1Â¥CÇø-9¼Ü,Available
91,34,1Â¥AÇø-1¼Ü,Lost
92,35,1Â¥BÇø-7¼Ü,Borrowed
93,35,3Â¥BÇø-3¼Ü,Available
94,36,3Â¥AÇø-9¼Ü,Available
95,37,3Â¥BÇø-1¼Ü,Available
96,37,Reserved,Lost
97,37,2Â¥BÇø-1¼Ü,Lost
98,37,2Â¥AÇø-7¼Ü,Borrowed
99,37,3Â¥AÇø-5¼Ü,Borrowed
100,38,1Â¥BÇø-4¼Ü,Available
101,39,1Â¥BÇø-3¼Ü,Lost
102,39,Reserved,Available
103,39,2Â¥BÇø-4¼Ü,Borrowed
104,39,3Â¥BÇø-7¼Ü,Available
105,40,3Â¥CÇø-8¼Ü,Lost
106,40,2Â¥BÇø-5¼Ü,Available
107,40,3Â¥BÇø-10¼Ü,Borrowed
108,40,3Â¥AÇø-10¼Ü,Borrowed
109,41,1Â¥AÇø-2¼Ü,Borrowed
110,41,1Â¥CÇø-1¼Ü,Available
111,42,1Â¥AÇø-10¼Ü,Available
112,43,1Â¥CÇø-10¼Ü,Borrowed
113,43,1Â¥CÇø-9¼Ü,Lost
114,43,1Â¥CÇø-4¼Ü,Lost
115,44,2Â¥CÇø-4¼Ü,Lost
116,44,3Â¥BÇø-4¼Ü,Borrowed
117,45,2Â¥CÇø-8¼Ü,Borrowed
118,45,2Â¥AÇø-8¼Ü,Available
119,45,1Â¥BÇø-2¼Ü,Available
120,46,2Â¥BÇø-8¼Ü,Lost
121,46,1Â¥BÇø-10¼Ü,Borrowed
122,46,1Â¥BÇø-5¼Ü,Reserved
123,46,1Â¥CÇø-7¼Ü,Borrowed
124,47,2Â¥BÇø-5¼Ü,Lost
125,47,3Â¥AÇø-3¼Ü,Borrowed
126,47,1Â¥AÇø-10¼Ü,Borrowed
127,47,2Â¥CÇø-9¼Ü,Lost
128,47,Reserved,Available
129,48,2Â¥CÇø-5¼Ü,Available
130,48,3Â¥BÇø-4¼Ü,Lost
131,48,3Â¥BÇø-7¼Ü,Borrowed
132,49,2Â¥BÇø-2¼Ü,Borrowed
133,50,Reserved,Available
134,50,2Â¥CÇø-4¼Ü,Borrowed
135,51,2Â¥CÇø-10¼Ü,Borrowed
136,51,3Â¥CÇø-2¼Ü,Available
137,51,2Â¥CÇø-9¼Ü,Lost
138,51,2Â¥BÇø-4¼Ü,Lost
139,52,1Â¥BÇø-1¼Ü,Available
140,52,3Â¥BÇø-1¼Ü,Available
141,53,Reserved,Available
142,53,3Â¥BÇø-6¼Ü,Available
143,54,Reserved,Borrowed
144,54,1Â¥CÇø-2¼Ü,Borrowed
145,54,Reserved,Available
146,55,1Â¥AÇø-6¼Ü,Borrowed
147,55,3Â¥BÇø-9¼Ü,Lost
148,55,2Â¥BÇø-2¼Ü,Lost
149,55,2Â¥CÇø-6¼Ü,Lost
150,56,2Â¥BÇø-10¼Ü,Lost
151,56,Reserved,Available
152,56,3Â¥AÇø-7¼Ü,Available
153,57,1Â¥CÇø-3¼Ü,Available
154,57,3Â¥BÇø-4¼Ü,Available
155,57,2Â¥CÇø-3¼Ü,Available
156,57,2Â¥BÇø-10¼Ü,Available
157,58,2Â¥CÇø-5¼Ü,Available
158,58,3Â¥AÇø-7¼Ü,Available
159,58,3Â¥BÇø-4¼Ü,Available
160,58,1Â¥CÇø-9¼Ü,Available
161,59,2Â¥BÇø-2¼Ü,Available
162,59,2Â¥BÇø-7¼Ü,Lost
163,59,3Â¥CÇø-1¼Ü,Available
164,60,2Â¥BÇø-6¼Ü,Lost
165,60,3Â¥BÇø-7¼Ü,Lost
166,61,3Â¥AÇø-10¼Ü,Available
167,61,1Â¥AÇø-8¼Ü,Available
168,61,2Â¥CÇø-4¼Ü,Lost
169,61,1Â¥BÇø-5¼Ü,Available
170,62,3Â¥CÇø-2¼Ü,Lost
171,62,2Â¥BÇø-10¼Ü,Lost
172,62,3Â¥CÇø-3¼Ü,Borrowed
173,62,2Â¥BÇø-5¼Ü,Borrowed
174,63,1Â¥AÇø-4¼Ü,Borrowed
175,64,3Â¥CÇø-8¼Ü,Borrowed
176,64,3Â¥AÇø-6¼Ü,Lost
177,64,2Â¥AÇø-3¼Ü,Borrowed
178,65,2Â¥BÇø-3¼Ü,Borrowed
179,65,3Â¥BÇø-7¼Ü,Available
180,66,1Â¥CÇø-8¼Ü,Lost
181,66,3Â¥CÇø-6¼Ü,Lost
182,66,1Â¥CÇø-8¼Ü,Available
183,66,2Â¥CÇø-10¼Ü,Borrowed
184,67,3Â¥AÇø-5¼Ü,Borrowed
185,68,2Â¥AÇø-4¼Ü,Borrowed
186,68,1Â¥CÇø-9¼Ü,Available
187,68,1Â¥CÇø-10¼Ü,Lost
188,68,3Â¥CÇø-6¼Ü,Available
189,68,3Â¥AÇø-6¼Ü,Borrowed
190,69,1Â¥CÇø-6¼Ü,Lost
191,69,2Â¥AÇø-10¼Ü,Lost
192,69,3Â¥BÇø-4¼Ü,Borrowed
193,69,1Â¥AÇø-7¼Ü,Lost
194,69,3Â¥CÇø-7¼Ü,Lost
195,70,1Â¥AÇø-9¼Ü,Borrowed
196,71,3Â¥CÇø-7¼Ü,Available
197,72,3Â¥AÇø-6¼Ü,Borrowed
198,72,3Â¥BÇø-6¼Ü,Borrowed
199,72,2Â¥CÇø-10¼Ü,Available
200,72,1Â¥BÇø-9¼Ü,Borrowed
201,73,2Â¥CÇø-9¼Ü,Borrowed
202,73,2Â¥CÇø-1¼Ü,Lost
203,74,2Â¥AÇø-7¼Ü,Lost
204,74,1Â¥CÇø-1¼Ü,Available
205,74,3Â¥BÇø-6¼Ü,Borrowed
206,74,2Â¥BÇø-7¼Ü,Borrowed
207,74,1Â¥AÇø-2¼Ü,Borrowed
208,75,1Â¥CÇø-7¼Ü,Available
209,75,3Â¥CÇø-2¼Ü,Lost
210,75,3Â¥AÇø-7¼Ü,Lost
211,75,2Â¥CÇø-5¼Ü,Borrowed
212,76,2Â¥BÇø-6¼Ü,Borrowed
213,76,2Â¥BÇø-9¼Ü,Available
214,77,2Â¥CÇø-10¼Ü,Borrowed
215,78,3Â¥CÇø-7¼Ü,Available
216,79,1Â¥AÇø-9¼Ü,Lost
217,79,2Â¥AÇø-4¼Ü,Lost
218,79,3Â¥CÇø-2¼Ü,Borrowed
219,79,3Â¥BÇø-5¼Ü,Borrowed
220,79,2Â¥AÇø-5¼Ü,Available
221,80,3Â¥AÇø-3¼Ü,Available
222,80,3Â¥CÇø-4¼Ü,Lost
223,80,1Â¥BÇø-1¼Ü,Lost
224,80,3Â¥BÇø-1¼Ü,Borrowed
225,81,3Â¥BÇø-1¼Ü,Lost
226,81,Reserved,Lost
227,81,3Â¥AÇø-9¼Ü,Available
228,81,3Â¥AÇø-4¼Ü,Borrowed
229,81,3Â¥AÇø-6¼Ü,Reserved
230,82,2Â¥AÇø-2¼Ü,Borrowed
231,82,1Â¥CÇø-10¼Ü,Lost
232,82,2Â¥BÇø-6¼Ü,Lost
233,82,3Â¥CÇø-9¼Ü,Lost
234,82,Reserved,Available
235,83,1Â¥CÇø-7¼Ü,Borrowed
236,83,3Â¥CÇø-9¼Ü,Available
237,84,2Â¥CÇø-10¼Ü,Lost
238,85,3Â¥BÇø-2¼Ü,Available
239,86,2Â¥CÇø-7¼Ü,Borrowed
240,86,2Â¥CÇø-4¼Ü,Lost
241,87,1Â¥CÇø-3¼Ü,Borrowed
242,87,2Â¥BÇø-6¼Ü,Borrowed
243,88,1Â¥CÇø-10¼Ü,Lost
244,89,2Â¥CÇø-6¼Ü,Available
245,90,2Â¥BÇø-1¼Ü,Lost
246,90,3Â¥CÇø-10¼Ü,Lost
247,91,1Â¥AÇø-3¼Ü,Reserved
248,91,2Â¥BÇø-1¼Ü,Available
249,91,1Â¥AÇø-2¼Ü,Borrowed
250,92,3Â¥BÇø-4¼Ü,Available
251,92,2Â¥CÇø-2¼Ü,Available
252,92,3Â¥CÇø-6¼Ü,Available
253,93,2Â¥AÇø-10¼Ü,Borrowed
254,93,2Â¥CÇø-2¼Ü,Available
255,93,3Â¥CÇø-8¼Ü,Borrowed
256,93,1Â¥AÇø-7¼Ü,Lost
257,94,1Â¥BÇø-1¼Ü,Available
258,94,3Â¥BÇø-7¼Ü,Lost
259,94,1Â¥BÇø-5¼Ü,Lost
260,95,3Â¥CÇø-3¼Ü,Borrowed
261,95,2Â¥AÇø-2¼Ü,Available
262,95,1Â¥BÇø-2¼Ü,Available
263,95,1Â¥BÇø-10¼Ü,Lost
264,95,2Â¥AÇø-2¼Ü,Available
265,96,3Â¥AÇø-9¼Ü,Lost
266,96,2Â¥AÇø-5¼Ü,Lost
267,96,2Â¥BÇø-2¼Ü,Borrowed
268,96,1Â¥BÇø-4¼Ü,Lost
269,96,3Â¥AÇø-4¼Ü,Lost
270,97,2Â¥BÇø-2¼Ü,Borrowed
271,97,1Â¥CÇø-3¼Ü,Borrowed
272,98,3Â¥AÇø-5¼Ü,Reserved
273,98,3Â¥CÇø-2¼Ü,Borrowed
274,98,2Â¥CÇø-5¼Ü,Lost
275,99,Reserved,Available
276,99,1Â¥AÇø-10¼Ü,Available
277,99,Reserved,Available
278,100,2Â¥AÇø-4¼Ü,Available
279,101,2Â¥AÇø-3¼Ü,Borrowed
280,101,1Â¥BÇø-6¼Ü,Available
281,102,1Â¥BÇø-4¼Ü,Available
282,103,2Â¥AÇø-2¼Ü,Borrowed
283,103,3Â¥AÇø-4¼Ü,Available
284,103,3Â¥BÇø-7¼Ü,Borrowed
285,103,Reserved,Available
286,103,1Â¥AÇø-7¼Ü,Available
287,104,1Â¥CÇø-2¼Ü,Available
288,104,2Â¥CÇø-4¼Ü,Borrowed
289,104,1Â¥CÇø-8¼Ü,Borrowed
290,105,2Â¥AÇø-8¼Ü,Borrowed
291,105,1Â¥AÇø-2¼Ü,Borrowed
292,105,3Â¥AÇø-5¼Ü,Lost
293,106,Reserved,Available
294,106,2Â¥AÇø-3¼Ü,Borrowed
295,106,2Â¥AÇø-8¼Ü,Lost
296,106,2Â¥CÇø-5¼Ü,Borrowed
297,106,2Â¥CÇø-7¼Ü,Lost
298,107,2Â¥CÇø-7¼Ü,Lost
299,107,2Â¥CÇø-5¼Ü,Lost
300,107,3Â¥CÇø-8¼Ü,Available
301,107,3Â¥CÇø-10¼Ü,Available
302,107,1Â¥CÇø-4¼Ü,Available
303,108,1Â¥BÇø-10¼Ü,Available
304,108,Reserved,Borrowed
305,108,2Â¥CÇø-8¼Ü,Borrowed
306,108,3Â¥CÇø-8¼Ü,Available
307,109,2Â¥CÇø-5¼Ü,Available
308,110,1Â¥BÇø-1¼Ü,Borrowed
309,110,3Â¥AÇø-1¼Ü,Lost
310,110,2Â¥CÇø-10¼Ü,Borrowed
311,110,2Â¥BÇø-2¼Ü,Lost
312,110,1Â¥BÇø-3¼Ü,Lost
313,111,3Â¥BÇø-1¼Ü,Lost
314,111,3Â¥BÇø-3¼Ü,Borrowed
315,112,3Â¥BÇø-9¼Ü,Borrowed
316,112,1Â¥BÇø-6¼Ü,Available
317,112,2Â¥AÇø-2¼Ü,Lost
318,112,1Â¥BÇø-5¼Ü,Available
319,112,3Â¥AÇø-10¼Ü,Available
320,113,1Â¥CÇø-5¼Ü,Available
321,114,1Â¥CÇø-6¼Ü,Lost
322,114,3Â¥CÇø-7¼Ü,Lost
323,114,3Â¥AÇø-2¼Ü,Available
324,114,1Â¥CÇø-10¼Ü,Available
325,115,3Â¥CÇø-1¼Ü,Lost
326,116,2Â¥CÇø-3¼Ü,Borrowed
327,116,1Â¥AÇø-4¼Ü,Lost
328,116,1Â¥BÇø-8¼Ü,Borrowed
329,116,2Â¥BÇø-10¼Ü,Available
330,116,1Â¥AÇø-8¼Ü,Borrowed
331,117,2Â¥CÇø-8¼Ü,Lost
332,117,2Â¥BÇø-7¼Ü,Borrowed
333,117,1Â¥CÇø-5¼Ü,Lost
334,118,2Â¥AÇø-10¼Ü,Borrowed
335,118,2Â¥CÇø-5¼Ü,Lost
336,118,3Â¥AÇø-9¼Ü,Available
337,118,2Â¥CÇø-5¼Ü,Available
338,118,1Â¥AÇø-8¼Ü,Available
339,119,3Â¥AÇø-3¼Ü,Lost
340,119,1Â¥BÇø-1¼Ü,Lost
341,119,2Â¥BÇø-4¼Ü,Borrowed
342,120,2Â¥BÇø-6¼Ü,Available
343,120,3Â¥CÇø-2¼Ü,Lost
344,120,1Â¥AÇø-8¼Ü,Borrowed
345,120,3Â¥AÇø-8¼Ü,Borrowed
346,120,3Â¥CÇø-9¼Ü,Lost
347,121,2Â¥CÇø-7¼Ü,Borrowed
348,121,3Â¥BÇø-1¼Ü,Lost
349,121,1Â¥AÇø-4¼Ü,Available
350,122,1Â¥CÇø-4¼Ü,Available
351,123,2Â¥AÇø-6¼Ü,Borrowed
352,123,2Â¥BÇø-10¼Ü,Borrowed
353,123,3Â¥BÇø-1¼Ü,Lost
354,123,1Â¥CÇø-9¼Ü,Available
355,124,2Â¥BÇø-5¼Ü,Available
356,124,3Â¥BÇø-7¼Ü,Available
357,124,3Â¥CÇø-9¼Ü,Borrowed
358,124,2Â¥CÇø-1¼Ü,Available
359,125,2Â¥CÇø-2¼Ü,Available
360,125,2Â¥AÇø-9¼Ü,Available
361,125,2Â¥BÇø-7¼Ü,Borrowed
362,125,2Â¥BÇø-5¼Ü,Borrowed
363,125,2Â¥AÇø-6¼Ü,Reserved
364,126,1Â¥BÇø-8¼Ü,Borrowed
365,126,1Â¥AÇø-2¼Ü,Lost
366,126,2Â¥CÇø-5¼Ü,Borrowed
367,127,3Â¥AÇø-8¼Ü,Available
368,127,3Â¥BÇø-4¼Ü,Available
369,127,1Â¥CÇø-6¼Ü,Lost
370,127,1Â¥AÇø-6¼Ü,Available
371,127,1Â¥AÇø-6¼Ü,Lost
372,128,3Â¥CÇø-5¼Ü,Lost
373,129,1Â¥BÇø-9¼Ü,Available
374,129,2Â¥CÇø-3¼Ü,Borrowed
375,129,Reserved,Borrowed
376,129,3Â¥BÇø-6¼Ü,Available
377,129,2Â¥CÇø-5¼Ü,Borrowed
378,130,2Â¥AÇø-8¼Ü,Borrowed
379,130,2Â¥AÇø-1¼Ü,Available
380,130,1Â¥CÇø-6¼Ü,Available
381,131,2Â¥BÇø-10¼Ü,Lost
382,131,1Â¥AÇø-5¼Ü,Available
383,131,2Â¥BÇø-6¼Ü,Borrowed
384,131,3Â¥BÇø-5¼Ü,Borrowed
385,131,1Â¥BÇø-5¼Ü,Borrowed
386,132,3Â¥BÇø-6¼Ü,Borrowed
387,132,3Â¥BÇø-6¼Ü,Borrowed
388,132,1Â¥CÇø-7¼Ü,Borrowed
389,132,3Â¥CÇø-10¼Ü,Available
390,132,3Â¥AÇø-5¼Ü,Borrowed
391,133,1Â¥AÇø-10¼Ü,Lost
392,134,3Â¥BÇø-9¼Ü,Lost
393,134,1Â¥CÇø-10¼Ü,Available
394,134,3Â¥AÇø-5¼Ü,Lost
395,135,2Â¥BÇø-1¼Ü,Available
396,135,Reserved,Lost
397,135,1Â¥BÇø-9¼Ü,Lost
398,135,3Â¥CÇø-4¼Ü,Available
399,135,3Â¥CÇø-8¼Ü,Borrowed
400,136,3Â¥AÇø-8¼Ü,Lost
401,136,3Â¥AÇø-8¼Ü,Available
402,136,2Â¥CÇø-6¼Ü,Available
403,136,1Â¥CÇø-4¼Ü,Available
404,136,3Â¥CÇø-10¼Ü,Available
405,137,2Â¥CÇø-5¼Ü,Available
406,137,3Â¥CÇø-7¼Ü,Available
407,137,1Â¥CÇø-8¼Ü,Lost
408,137,2Â¥BÇø-5¼Ü,Lost
409,137,3Â¥BÇø-5¼Ü,Available
410,138,2Â¥AÇø-10¼Ü,Available
411,138,3Â¥AÇø-9¼Ü,Available
412,138,3Â¥AÇø-6¼Ü,Lost
413,139,3Â¥BÇø-7¼Ü,Lost
414,140,1Â¥BÇø-3¼Ü,Borrowed
415,141,2Â¥CÇø-2¼Ü,Lost
416,141,2Â¥CÇø-4¼Ü,Available
417,142,1Â¥BÇø-3¼Ü,Reserved
418,142,1Â¥BÇø-8¼Ü,Available
419,143,2Â¥CÇø-10¼Ü,Available
420,144,3Â¥CÇø-9¼Ü,Available
421,144,1Â¥BÇø-5¼Ü,Lost
422,145,3Â¥BÇø-5¼Ü,Lost
423,145,3Â¥AÇø-7¼Ü,Lost
424,146,Reserved,Lost
425,146,2Â¥CÇø-8¼Ü,Borrowed
426,146,1Â¥AÇø-4¼Ü,Lost
427,147,2Â¥BÇø-7¼Ü,Available
428,147,1Â¥BÇø-6¼Ü,Borrowed
429,148,2Â¥BÇø-10¼Ü,Borrowed
430,148,Reserved,Lost
431,148,2Â¥CÇø-4¼Ü,Borrowed
432,148,1Â¥BÇø-2¼Ü,Lost
433,149,1Â¥AÇø-7¼Ü,Available
434,149,2Â¥CÇø-9¼Ü,Borrowed
435,149,1Â¥AÇø-1¼Ü,Borrowed
436,150,2Â¥BÇø-10¼Ü,Available
437,150,3Â¥AÇø-8¼Ü,Borrowed
438,150,3Â¥BÇø-10¼Ü,Available
439,150,3Â¥BÇø-7¼Ü,Available
440,151,1Â¥BÇø-7¼Ü,Lost
441,151,2Â¥AÇø-5¼Ü,Lost
442,151,3Â¥AÇø-6¼Ü,Available
443,151,1Â¥BÇø-7¼Ü,Available
444,151,1Â¥AÇø-6¼Ü,Lost
445,152,3Â¥CÇø-5¼Ü,Lost
446,153,1Â¥AÇø-8¼Ü,Borrowed
447,153,Reserved,Available
448,154,1Â¥BÇø-1¼Ü,Lost
449,154,2Â¥BÇø-8¼Ü,Lost
450,155,1Â¥CÇø-4¼Ü,Available
451,155,3Â¥CÇø-6¼Ü,Available
452,155,1Â¥BÇø-1¼Ü,Available
453,155,3Â¥CÇø-10¼Ü,Borrowed
454,156,2Â¥AÇø-4¼Ü,Available
455,156,3Â¥CÇø-3¼Ü,Borrowed
456,156,1Â¥BÇø-9¼Ü,Borrowed
457,156,2Â¥CÇø-5¼Ü,Reserved
458,157,2Â¥AÇø-8¼Ü,Lost
459,157,1Â¥CÇø-6¼Ü,Borrowed
460,158,3Â¥CÇø-2¼Ü,Lost
461,158,1Â¥BÇø-9¼Ü,Available
462,158,2Â¥BÇø-8¼Ü,Lost
463,158,3Â¥CÇø-1¼Ü,Available
464,158,2Â¥BÇø-9¼Ü,Borrowed
465,159,Reserved,Available
466,159,3Â¥BÇø-10¼Ü,Lost
467,159,Reserved,Available
468,159,3Â¥AÇø-9¼Ü,Lost
469,160,1Â¥AÇø-8¼Ü,Lost
470,161,1Â¥CÇø-1¼Ü,Available
471,161,3Â¥CÇø-3¼Ü,Borrowed
472,161,1Â¥BÇø-1¼Ü,Available
473,161,2Â¥CÇø-9¼Ü,Lost
474,162,3Â¥CÇø-1¼Ü,Lost
475,163,1Â¥AÇø-6¼Ü,Available
476,164,2Â¥BÇø-2¼Ü,Borrowed
477,164,1Â¥CÇø-10¼Ü,Borrowed
478,165,3Â¥BÇø-6¼Ü,Borrowed
479,165,3Â¥CÇø-8¼Ü,Reserved
480,165,3Â¥CÇø-1¼Ü,Available
481,166,3Â¥BÇø-2¼Ü,Lost
482,166,3Â¥BÇø-9¼Ü,Lost
483,167,1Â¥AÇø-3¼Ü,Borrowed
484,167,2Â¥BÇø-3¼Ü,Borrowed
485,167,3Â¥CÇø-8¼Ü,Available
486,168,2Â¥CÇø-1¼Ü,Lost
487,169,3Â¥BÇø-2¼Ü,Available
488,169,3Â¥CÇø-9¼Ü,Lost
489,170,2Â¥CÇø-3¼Ü,Available
490,170,1Â¥CÇø-8¼Ü,Borrowed
491,170,3Â¥CÇø-10¼Ü,Lost
492,170,1Â¥BÇø-3¼Ü,Borrowed
493,171,Reserved,Available
494,172,3Â¥CÇø-5¼Ü,Lost
495,172,2Â¥CÇø-7¼Ü,Available
496,172,3Â¥BÇø-2¼Ü,Available
497,172,2Â¥AÇø-2¼Ü,Lost
498,173,1Â¥CÇø-9¼Ü,Available
499,173,3Â¥AÇø-6¼Ü,Available
500,173,2Â¥AÇø-9¼Ü,Lost
501,173,Reserved,Lost
502,173,2Â¥AÇø-8¼Ü,Lost
503,174,3Â¥BÇø-4¼Ü,Lost
504,174,3Â¥AÇø-4¼Ü,Lost
505,174,1Â¥BÇø-1¼Ü,Lost
506,175,3Â¥AÇø-10¼Ü,Available
507,175,1Â¥AÇø-9¼Ü,Available
508,175,3Â¥BÇø-1¼Ü,Lost
509,176,3Â¥BÇø-4¼Ü,Available
510,176,1Â¥AÇø-7¼Ü,Lost
511,177,3Â¥AÇø-8¼Ü,Reserved
512,177,2Â¥CÇø-7¼Ü,Available
513,177,3Â¥CÇø-8¼Ü,Reserved
514,178,3Â¥CÇø-2¼Ü,Lost
515,178,2Â¥BÇø-3¼Ü,Borrowed
516,179,2Â¥CÇø-3¼Ü,Borrowed
517,179,2Â¥BÇø-7¼Ü,Available
518,179,1Â¥CÇø-3¼Ü,Borrowed
519,180,3Â¥CÇø-9¼Ü,Lost
520,181,2Â¥AÇø-1¼Ü,Available
521,181,1Â¥BÇø-7¼Ü,Lost
522,181,1Â¥CÇø-4¼Ü,Borrowed
523,181,3Â¥AÇø-6¼Ü,Available
524,181,2Â¥AÇø-5¼Ü,Borrowed
525,182,Reserved,Lost
526,182,3Â¥CÇø-10¼Ü,Borrowed
527,182,3Â¥AÇø-6¼Ü,Available
528,182,3Â¥AÇø-3¼Ü,Borrowed
529,182,3Â¥AÇø-7¼Ü,Available
530,183,1Â¥CÇø-2¼Ü,Available
531,183,2Â¥AÇø-7¼Ü,Borrowed
532,184,1Â¥BÇø-1¼Ü,Lost
533,184,2Â¥BÇø-6¼Ü,Available
534,184,2Â¥AÇø-8¼Ü,Lost
535,184,2Â¥BÇø-2¼Ü,Available
536,184,3Â¥BÇø-4¼Ü,Borrowed
537,185,3Â¥CÇø-7¼Ü,Lost
538,185,3Â¥AÇø-2¼Ü,Available
539,185,1Â¥BÇø-7¼Ü,Available
540,186,3Â¥BÇø-1¼Ü,Lost
541,186,3Â¥CÇø-8¼Ü,Borrowed
542,186,2Â¥AÇø-8¼Ü,Available
543,187,1Â¥AÇø-9¼Ü,Borrowed
544,187,3Â¥CÇø-6¼Ü,Lost
545,187,3Â¥BÇø-4¼Ü,Borrowed
546,188,3Â¥AÇø-4¼Ü,Borrowed
547,189,2Â¥BÇø-10¼Ü,Lost
548,189,1Â¥AÇø-7¼Ü,Available
549,189,2Â¥CÇø-4¼Ü,Borrowed
550,189,3Â¥CÇø-1¼Ü,Borrowed
551,190,Reserved,Borrowed
552,191,3Â¥BÇø-6¼Ü,Lost
553,191,3Â¥AÇø-1¼Ü,Reserved
554,191,2Â¥BÇø-10¼Ü,Borrowed
555,192,Reserved,Lost
556,192,2Â¥BÇø-5¼Ü,Borrowed
557,192,3Â¥AÇø-7¼Ü,Available
558,193,2Â¥CÇø-9¼Ü,Borrowed
559,194,Reserved,Available
560,195,3Â¥AÇø-2¼Ü,Lost
561,195,1Â¥BÇø-3¼Ü,Borrowed
562,195,1Â¥BÇø-1¼Ü,Available
563,195,Reserved,Lost
564,195,3Â¥CÇø-5¼Ü,Reserved
565,196,2Â¥AÇø-5¼Ü,Available
566,196,Reserved,Available
567,196,3Â¥AÇø-1¼Ü,Borrowed
568,197,2Â¥AÇø-2¼Ü,Available
569,197,2Â¥BÇø-5¼Ü,Borrowed
570,198,2Â¥BÇø-9¼Ü,Borrowed
571,198,3Â¥BÇø-1¼Ü,Lost
572,198,1Â¥BÇø-1¼Ü,Borrowed
573,199,2Â¥AÇø-3¼Ü,Reserved
574,200,1Â¥BÇø-4¼Ü,Available
575,200,2Â¥AÇø-4¼Ü,Borrowed
576,200,3Â¥BÇø-3¼Ü,Lost
577,201,3Â¥CÇø-2¼Ü,Borrowed
578,202,2Â¥BÇø-2¼Ü,Available
579,203,1Â¥BÇø-10¼Ü,Reserved
580,204,3Â¥CÇø-2¼Ü,Lost
581,205,2Â¥BÇø-1¼Ü,Available
